"number_birth","experienced_fistula0","experienced_fistula1","se.experienced_fistula0","se.experienced_fistula1"
"0",0.996401362042639,0.00359863795736445,0.0021667323699007,0.0021667323699007
"1",0.984410626084135,0.0155893739158641,0.00439065125228057,0.00439065125228057
