"occupation","experienced_fistula0","experienced_fistula1","se.experienced_fistula0","se.experienced_fistula1"
"0",0.996097617421431,0.00390238257856932,0.00389884447287608,0.00389884447287608
"1",0.98870240186263,0.0112975981373823,0.00298808462841522,0.00298808462841522
"2",1,0,0,0
