"contraception_use","experienced_fistula0","experienced_fistula1","se.experienced_fistula0","se.experienced_fistula1"
"1",0.997594098916359,0.00240590108364388,0.00150306902096644,0.00150306902096644
"2",0.997915118490471,0.00208488150952467,0.000460449233453684,0.000460449233453683
"3",1,0,1.46493943077448e-16,0
