"number_birth","experienced_fistula0","experienced_fistula1","se.experienced_fistula0","se.experienced_fistula1"
"0",0.997512072571571,0.00248792742842596,0.000678446275734891,0.000678446275734891
"1",0.998481470613171,0.00151852938681461,0.000485144526166621,0.000485144526166619
