"age_sex","experienced_fistula","se"
1,0.0130198655449909,0.000720283345436817
2,0.00764663669606368,0.00141199387469021
3,0.0156751612230031,0.00485096913005132
