"contraception_use","experienced_fistula","se"
1,0.00741558707510427,0.00127419663107954
2,0.0126619953855618,0.000738005621711737
3,0.0311728176053064,0.00515176128352959
