"delivery_place","experienced_fistula","se"
1,0.00944950626721812,0.00082555809562555
2,0.0106763930618919,0.00214367452644379
3,0.014664804627506,0.000990309373989895
