"delivery_professional","experienced_fistula","se"
1,0.0135773464692087,0.000749008500383749
2,0,0
3,0.00669512629281002,0.00110484256368295
