"distance","experienced_fistula","se"
0,0.0111911461152344,0.000807294960844911
1,0.0146197792920284,0.0011113207774521
