"education","experienced_fistula","se"
0,0.0147177366381854,0.000912981958476425
1,0.0105742504322453,0.00167111409613558
2,0.00881932395093987,0.00117201513815099
3,0.00773026564034496,0.00259624168747306
