"number_birth","experienced_fistula","se"
0,0.0137975065860295,0.000989737378051974
1,0.0109734373259139,0.000823586467698256
