"occupation","experienced_fistula","se"
0,0.0164087485220261,0.00174847128734968
1,0.0126745972753106,0.00077608913841098
2,0.00331817822162652,0.00104159650833672
