"postpartum_care","experienced_fistula","se"
1,0.0254496320084515,0.0018381681432075
2,0,0
3,0.00800698267407784,0.000606980703402597
