"residence","experienced_fistula","se"
1,0.014218053278206,0.00130485880750811
2,0.0115760618659061,0.00072356701210721
