"number_birth","experienced_fistula0","experienced_fistula1","se.experienced_fistula0","se.experienced_fistula1"
"0",0.985699861849329,0.0143001381506663,0.00359121515844788,0.00359121515844789
"1",0.992317213574818,0.00768278642518188,0.00208499814811385,0.00208499814811385
