"contraception_use","experienced_fistula0","experienced_fistula1","se.experienced_fistula0","se.experienced_fistula1"
"1",0.995334964261303,0.00466503573869542,0.00172134353428944,0.00172134353428944
"2",0.982167718351765,0.0178322816482483,0.00200347218757543,0.00200347218757542
"3",0.999999999999999,0,1.44689752538246e-16,0
