"number_birth","experienced_fistula0","experienced_fistula1","se.experienced_fistula0","se.experienced_fistula1"
"0",0.983403627487492,0.0165963725125071,0.00211595453941404,0.00211595453941404
"1",0.988944764687169,0.0110552353128279,0.00221627739605222,0.00221627739605222
