"number_birth","experienced_fistula0","experienced_fistula1","se.experienced_fistula0","se.experienced_fistula1"
"0",0.95423855043114,0.0457614495688556,0.00428903476456272,0.00428903476456272
"1",0.953769231659637,0.046230768340365,0.00451004260265023,0.00451004260265023
