"number_birth","experienced_fistula0","experienced_fistula1","se.experienced_fistula0","se.experienced_fistula1"
"0",0.995333780927452,0.00466621907253035,0.00112507398185363,0.00112507398185362
"1",0.995438682819675,0.00456131718030649,0.0011307189393402,0.00113071893934019
