"postpartum_care","experienced_fistula0","experienced_fistula1","se.experienced_fistula0","se.experienced_fistula1"
"1",0.993252259560824,0.00674774043918321,0.00204617638617856,0.00204617638617857
"3",0.99596515200858,0.00403484799143293,0.000850436007054172,0.000850436007054173
