"contraception_use","experienced_fistula0","experienced_fistula1","se.experienced_fistula0","se.experienced_fistula1"
"1",0.992584412924897,0.00741558707510427,0.00127361751078853,0.00127361751078853
"2",0.987338004614453,0.0126619953855618,0.00073490757837299,0.000734907578372989
"3",0.968827182394694,0.0311728176053064,0.00514346036382889,0.00514346036382889
