"number_birth","experienced_fistula0","experienced_fistula1","se.experienced_fistula0","se.experienced_fistula1"
"0",0.986202493413949,0.0137975065860295,0.000987236554886959,0.00098723655488696
"1",0.989026562674076,0.0109734373259139,0.000820434529895819,0.000820434529895819
